Team,members,foreign_players,mean_age,MOY,points,Goal_Diff,Wins,Draws,Losses,Goals_For,Goals_Against,Win_Probability,Normalized_Prob
Manchester City,50,35,26.5,0.7,89,55,28,5,5,92,37,0.59,0.5
Liverpool,48,32,26.9,0.6,83,46,25,8,5,85,39,0.335,0.2838983050847458
Arsenal,47,29,25.8,0.5,85,48,26,7,5,88,40,0.235,0.19915254237288135
Tottenham,45,28,26.2,0.5,75,35,22,9,7,78,43,0.01,0.00847457627118644
Manchester United,49,30,27.0,0.4,72,28,20,12,6,70,42,0.01,0.00847457627118644
Newcastle,46,27,25.7,0.5,68,24,19,11,8,66,46,0.0,0.0
Chelsea,52,33,26.4,0.5,64,20,17,13,8,64,44,0.0,0.0
Aston Villa,44,25,26.0,0.4,62,18,16,14,8,61,43,0.0,0.0
